Handler #,Channel name,File location,Line number,Validation type,Sender validation,Authorization type,Consent gate?,Renderer callers,Risk level,Operation impact,Finding severity,Verified safe?,Test coverage,Notes,Known issues,Batch B priority,Fix type,Status
1,cheat-toggle-get-all,electron/cheat-toggle-ipc.ts,12,schema,yes,no,no,yes (1 call site),low,read-only,info,"yes - evidence reviewed, no active exploit path found",not independently verified in Batch A (see tests/ directory for e2e coverage of consent-gated flows; full per-handler unit test audit is out of scope for discovery),Checks event.sender.isDestroyed() before proceeding; CheatToggleGetAllSchema.parse validates gameId; dynamically imports cheat-toggle-store to read persisted per-game cheat states.,none identified,none,none required,discovered - pending Batch B triage
2,cheat-toggle-set,electron/cheat-toggle-ipc.ts,23,schema,yes,no,no,yes (1 call site),medium,write-local-file,medium,"yes - evidence reviewed, no active exploit path found",not independently verified in Batch A (see tests/ directory for e2e coverage of consent-gated flows; full per-handler unit test audit is out of scope for discovery),"Checks event.sender.isDestroyed(); CheatToggleSetSchema.parse validates gameId/cheatId/enabled/confirmedAddress/dataType. Persists an armed cheat toggle (including confirmed address) across restarts with no separate consent-token requirement, unlike the live-memory write-consent flow.",none identified,medium,none required,discovered - pending Batch B triage
3,cheat-toggle-clear,electron/cheat-toggle-ipc.ts,39,schema,yes,no,no,yes (1 call site),low,read-only,info,"yes - evidence reviewed, no active exploit path found",not independently verified in Batch A (see tests/ directory for e2e coverage of consent-gated flows; full per-handler unit test audit is out of scope for discovery),Checks event.sender.isDestroyed(); CheatToggleClearSchema.parse validates gameId/cheatId before clearing persisted state.,none identified,none,none required,discovered - pending Batch B triage
4,ct-library-pick-zip,electron/ct-library-ipc.ts,73,manual,no,no,no,yes (1 call site),low,os-dialog,info,"yes - evidence reviewed, no active exploit path found",not independently verified in Batch A (see tests/ directory for e2e coverage of consent-gated flows; full per-handler unit test audit is out of scope for discovery),Opens a native openFile dialog and manually rejects non-.zip extensions before returning the chosen absolute path.,none identified,none,none required,discovered - pending Batch B triage
5,ct-library-summary,electron/ct-library-ipc.ts,103,none,no,no,no,no (0 call sites),low,read-only,info,"yes - evidence reviewed, no active exploit path found",not independently verified in Batch A (see tests/ directory for e2e coverage of consent-gated flows; full per-handler unit test audit is out of scope for discovery),No input payload; reads local CT library summary file only.,none identified,none,none required,discovered - pending Batch B triage
6,ct-library-search,electron/ct-library-ipc.ts,116,schema,no,no,no,yes (1 call site),low,read-only,info,"yes - evidence reviewed, no active exploit path found",not independently verified in Batch A (see tests/ directory for e2e coverage of consent-gated flows; full per-handler unit test audit is out of scope for discovery),SearchSchema.parse (.strict()) bounds query/gameId/kind/limit/offset before searching the local CT library.,none identified,none,none required,discovered - pending Batch B triage
7,ct-library-game-detail,electron/ct-library-ipc.ts,125,schema,no,no,no,yes (1 call site),low,read-only,info,"yes - evidence reviewed, no active exploit path found",not independently verified in Batch A (see tests/ directory for e2e coverage of consent-gated flows; full per-handler unit test audit is out of scope for discovery),GameDetailSchema.parse validates gameId before returning table detail.,none identified,none,none required,discovered - pending Batch B triage
8,ct-library-import-zip-preview,electron/ct-library-ipc.ts,134,schema,no,no,no,yes (1 call site),low,read-only,info,"yes - evidence reviewed, no active exploit path found",not independently verified in Batch A (see tests/ directory for e2e coverage of consent-gated flows; full per-handler unit test audit is out of scope for discovery),ImportPreviewSchema.safeParse plus manual isZipPath check; extracts/compiles an arbitrary user/renderer-supplied archivePath (no root confinement) and streams progress via event.sender.send without checking isDestroyed().,none identified,none,none required,discovered - pending Batch B triage
9,ct-library-import-zip-start,electron/ct-library-ipc.ts,193,schema,no,no,no,yes (1 call site),medium,write-local-file,medium,"yes - evidence reviewed, no active exploit path found",not independently verified in Batch A (see tests/ directory for e2e coverage of consent-gated flows; full per-handler unit test audit is out of scope for discovery),"ImportStartSchema.safeParse; performs the 'confirmed' zip import and writes compiled library/index artifacts to disk under data/registry, but there is no explicit approval flag/token distinguishing it from preview besides the channel name.",none identified,medium,none required,discovered - pending Batch B triage
10,ct-library-import-zip-cancel,electron/ct-library-ipc.ts,245,schema,no,no,no,yes (1 call site),low,read-only,info,"yes - evidence reviewed, no active exploit path found",not independently verified in Batch A (see tests/ directory for e2e coverage of consent-gated flows; full per-handler unit test audit is out of scope for discovery),ImportCancelSchema.parse; aborts an in-flight import AbortController by jobId.,none identified,none,none required,discovered - pending Batch B triage
11,install-discovery-pick-folder,electron/install-discovery-ipc.ts,39,none,no,no,no,yes (1 call site),low,os-dialog,info,"yes - evidence reviewed, no active exploit path found",not independently verified in Batch A (see tests/ directory for e2e coverage of consent-gated flows; full per-handler unit test audit is out of scope for discovery),Opens a native openDirectory dialog anchored to the sender's BrowserWindow; returns the chosen folder path unfiltered.,none identified,none,none required,discovered - pending Batch B triage
12,install-discovery-preview,electron/install-discovery-ipc.ts,55,schema,no,no,no,yes (1 call site),low,read-only,info,"yes - evidence reviewed, no active exploit path found",not independently verified in Batch A (see tests/ directory for e2e coverage of consent-gated flows; full per-handler unit test audit is out of scope for discovery),DiscoveryOptionsSchema.parse bounds path strings/lengths; read-only preview scan of local install roots (Steam/Epic/GOG paths).,none identified,none,none required,discovered - pending Batch B triage
13,install-discovery-commit,electron/install-discovery-ipc.ts,69,schema,no,no,no,yes (1 call site),medium,write-local-file,medium,"yes - evidence reviewed, no active exploit path found",not independently verified in Batch A (see tests/ directory for e2e coverage of consent-gated flows; full per-handler unit test audit is out of scope for discovery),CommitRecordsSchema.parse (array of up to 500 install records) then persists them via commitInstallDiscoveryRecords; trusts renderer-supplied installPath/executablePath without independent re-verification.,none identified,medium,none required,discovered - pending Batch B triage
14,install-discovery-scan,electron/install-discovery-ipc.ts,83,schema,no,no,no,no (0 call sites),low,read-only,info,"yes - evidence reviewed, no active exploit path found",not independently verified in Batch A (see tests/ directory for e2e coverage of consent-gated flows; full per-handler unit test audit is out of scope for discovery),DiscoveryOptionsSchema.parse validated; runs the full install discovery scan across local library roots.,none identified,none,none required,discovered - pending Batch B triage
15,install-discovery-list,electron/install-discovery-ipc.ts,100,none,no,no,no,yes (3 call sites),low,read-only,info,"yes - evidence reviewed, no active exploit path found",not independently verified in Batch A (see tests/ directory for e2e coverage of consent-gated flows; full per-handler unit test audit is out of scope for discovery),No payload; lists already-installed/catalog-matched games.,none identified,none,none required,discovered - pending Batch B triage
16,live-memory-list-processes,electron/live-memory-ipc.ts,81,schema,yes,no,no,yes (6 call sites),low,read-only,info,"yes - evidence reviewed, no active exploit path found",not independently verified in Batch A (see tests/ directory for e2e coverage of consent-gated flows; full per-handler unit test audit is out of scope for discovery),"Checks event.sender.isDestroyed(); gated only by feature flag, lists running processes (no memory access).",none identified,none,none required,discovered - pending Batch B triage
17,live-memory-attach,electron/live-memory-ipc.ts,94,schema,yes,yes,no,yes (4 call sites),low,read-only,info,"yes - evidence reviewed, no active exploit path found",not independently verified in Batch A (see tests/ directory for e2e coverage of consent-gated flows; full per-handler unit test audit is out of scope for discovery),Requires parsed.userConfirmedOffline waiver and feature flag; disposes/binds new session keyed by event.sender.id.,none identified,none,none required,discovered - pending Batch B triage
18,live-memory-zero-input-prepare,electron/live-memory-ipc.ts,190,schema,yes,yes,no,yes (1 call site),low,read-only,info,"yes - evidence reviewed, no active exploit path found",not independently verified in Batch A (see tests/ directory for e2e coverage of consent-gated flows; full per-handler unit test audit is out of scope for discovery),"Requires userConfirmedOffline/driftAcknowledged flags and feature flag; auto-attaches and binds session to event.sender.id, broadcasts zero-input-ready to all windows.",none identified,none,none required,discovered - pending Batch B triage
19,live-memory-detach,electron/live-memory-ipc.ts,298,schema,yes,no,no,yes (3 call sites),low,read-only,info,"yes - evidence reviewed, no active exploit path found",not independently verified in Batch A (see tests/ directory for e2e coverage of consent-gated flows; full per-handler unit test audit is out of scope for discovery),"No isDestroyed check, but uses event.sender.id as session key to dispose; safe no-op if nothing attached, no prior-attach requirement enforced.",none identified,none,none required,discovered - pending Batch B triage
20,live-memory-read,electron/live-memory-ipc.ts,308,schema,yes,yes,no,yes (1 call site),low,read-only,info,"yes - evidence reviewed, no active exploit path found",not independently verified in Batch A (see tests/ directory for e2e coverage of consent-gated flows; full per-handler unit test audit is out of scope for discovery),requireBundle() enforces sender not destroyed and an attached session bound to event.sender.id; reads raw process memory at arbitrary address.,none identified,none,none required,discovered - pending Batch B triage
21,live-memory-propose-write,electron/live-memory-ipc.ts,320,schema,yes,yes,yes,yes (2 call sites),low,read-only,info,"yes - evidence reviewed, no active exploit path found",not independently verified in Batch A (see tests/ directory for e2e coverage of consent-gated flows; full per-handler unit test audit is out of scope for discovery),"Staging-only step of propose/issue-consent/confirm-write flow; requires attached session, does not write memory itself (userApproved:false).",none identified,none,none required,discovered - pending Batch B triage
22,live-memory-issue-write-consent,electron/live-memory-ipc.ts,337,schema,yes,yes,yes,yes (2 call sites),low,read-only,info,"yes - evidence reviewed, no active exploit path found",not independently verified in Batch A (see tests/ directory for e2e coverage of consent-gated flows; full per-handler unit test audit is out of scope for discovery),"Requires attached session, matching pending proposalId, verified process identity, and native requestPrivilegedWriteConsent dialog approval before issuing a consent token.",none identified,none,none required,discovered - pending Batch B triage
23,live-memory-confirm-write,electron/live-memory-ipc.ts,397,schema,yes,yes,yes,yes (2 call sites),medium-gated,write-process-memory,medium,"yes - evidence reviewed, no active exploit path found",not independently verified in Batch A (see tests/ directory for e2e coverage of consent-gated flows; full per-handler unit test audit is out of scope for discovery),Writes to target process memory — high risk; requires consentToken matching consentBinding plus identity re-verification against the pending proposal.,none identified,medium,none required,discovered - pending Batch B triage
24,live-memory-rollback,electron/live-memory-ipc.ts,441,schema,yes,yes,no,no (0 call sites),high,write-process-memory,high,no - needs Batch B review,not independently verified in Batch A (see tests/ directory for e2e coverage of consent-gated flows; full per-handler unit test audit is out of scope for discovery),"Writes to target process memory to restore a prior value; gated only by requireBundle (attached session), no fresh consentToken required unlike confirm-write.",none identified,high,review required before Batch B closure,discovered - pending Batch B triage
25,live-memory-scan-first,electron/live-memory-ipc.ts,458,schema,yes,yes,no,no (0 call sites),low,read-only,info,"yes - evidence reviewed, no active exploit path found",not independently verified in Batch A (see tests/ directory for e2e coverage of consent-gated flows; full per-handler unit test audit is out of scope for discovery),Read-only memory scan; requires prior attach via requireSession.,none identified,none,none required,discovered - pending Batch B triage
26,live-memory-scan-first-auto-matrix,electron/live-memory-ipc.ts,475,schema,yes,yes,no,yes (2 call sites),low,read-only,info,"yes - evidence reviewed, no active exploit path found",not independently verified in Batch A (see tests/ directory for e2e coverage of consent-gated flows; full per-handler unit test audit is out of scope for discovery),Read-only multi-mode/multi-type scan fan-out; requires prior attach via requireSession.,none identified,none,none required,discovered - pending Batch B triage
27,live-memory-scan-next,electron/live-memory-ipc.ts,503,schema,yes,yes,no,yes (2 call sites),low,read-only,info,"yes - evidence reviewed, no active exploit path found",not independently verified in Batch A (see tests/ directory for e2e coverage of consent-gated flows; full per-handler unit test audit is out of scope for discovery),Read-only narrowing scan over previous match list; requires prior attach via requireSession.,none identified,none,none required,discovered - pending Batch B triage
28,live-memory-scan-first-unknown,electron/live-memory-ipc.ts,517,schema,yes,yes,no,yes (2 call sites),low,read-only,info,"yes - evidence reviewed, no active exploit path found",not independently verified in Batch A (see tests/ directory for e2e coverage of consent-gated flows; full per-handler unit test audit is out of scope for discovery),Read-only unknown-initial-value baseline scan; requires prior attach via requireSession.,none identified,none,none required,discovered - pending Batch B triage
29,live-memory-scan-next-from-unknown,electron/live-memory-ipc.ts,536,schema,yes,yes,no,yes (2 call sites),low,read-only,info,"yes - evidence reviewed, no active exploit path found",not independently verified in Batch A (see tests/ directory for e2e coverage of consent-gated flows; full per-handler unit test audit is out of scope for discovery),Read-only multi-datatype filter against unknown-value baseline snapshot; requires prior attach via requireSession.,none identified,none,none required,discovered - pending Batch B triage
30,live-memory-read-many,electron/live-memory-ipc.ts,560,schema,yes,yes,no,yes (1 call site),low,read-only,info,"yes - evidence reviewed, no active exploit path found",not independently verified in Batch A (see tests/ directory for e2e coverage of consent-gated flows; full per-handler unit test audit is out of scope for discovery),Bulk read-only polling of candidate addresses for Watch Live Values panel; requires prior attach via requireSession.,none identified,none,none required,discovered - pending Batch B triage
31,live-memory-correlation-start,electron/live-memory-ipc.ts,574,schema,yes,yes,no,yes (1 call site),low,read-only,info,"yes - evidence reviewed, no active exploit path found",not independently verified in Batch A (see tests/ directory for e2e coverage of consent-gated flows; full per-handler unit test audit is out of scope for discovery),Starts a background poller pushing periodic 'live-memory-correlation-report' events; requires attached session and separately checks event.sender.isDestroyed() before each push.,none identified,none,none required,discovered - pending Batch B triage
32,live-memory-correlation-poll,electron/live-memory-ipc.ts,605,schema,yes,yes,no,no (0 call sites),low,read-only,info,"yes - evidence reviewed, no active exploit path found",not independently verified in Batch A (see tests/ directory for e2e coverage of consent-gated flows; full per-handler unit test audit is out of scope for discovery),Requires attached session and a previously started correlation watcher (per-sender bundle state).,none identified,none,none required,discovered - pending Batch B triage
33,live-memory-correlation-event,electron/live-memory-ipc.ts,616,schema,yes,yes,no,yes (1 call site),low,read-only,info,"yes - evidence reviewed, no active exploit path found",not independently verified in Batch A (see tests/ directory for e2e coverage of consent-gated flows; full per-handler unit test audit is out of scope for discovery),Records a correlation event; requires attached session and an active correlation watcher.,none identified,none,none required,discovered - pending Batch B triage
34,live-memory-correlation-stop,electron/live-memory-ipc.ts,627,schema,yes,yes,no,yes (1 call site),low,read-only,info,"yes - evidence reviewed, no active exploit path found",not independently verified in Batch A (see tests/ directory for e2e coverage of consent-gated flows; full per-handler unit test audit is out of scope for discovery),Stops the correlation watcher for the sender's bundle; requires attached session.,none identified,none,none required,discovered - pending Batch B triage
35,live-memory-freeze-start,electron/live-memory-ipc.ts,639,schema,yes,yes,no,yes (3 call sites),high,write-process-memory,high,no - needs Batch B review,not independently verified in Batch A (see tests/ directory for e2e coverage of consent-gated flows; full per-handler unit test audit is out of scope for discovery),"Writes a value repeatedly to target process memory on an interval (value freeze/cheat) — high risk; only gated by attach state, no consentToken required unlike write-consent flow.",none identified,high,review required before Batch B closure,discovered - pending Batch B triage
36,live-memory-freeze-stop,electron/live-memory-ipc.ts,654,schema,yes,yes,no,yes (3 call sites),low,read-only,info,"yes - evidence reviewed, no active exploit path found",not independently verified in Batch A (see tests/ directory for e2e coverage of consent-gated flows; full per-handler unit test audit is out of scope for discovery),Stops an active freeze; requires attached session.,none identified,none,none required,discovered - pending Batch B triage
37,live-memory-freeze-status,electron/live-memory-ipc.ts,665,schema,yes,yes,no,yes (1 call site),low,read-only,info,"yes - evidence reviewed, no active exploit path found",not independently verified in Batch A (see tests/ directory for e2e coverage of consent-gated flows; full per-handler unit test audit is out of scope for discovery),Read-only freeze status check; requires attached session.,none identified,none,none required,discovered - pending Batch B triage
38,live-memory-list-controls,electron/live-memory-ipc.ts,676,schema,yes,yes,no,yes (1 call site),low,read-only,info,"yes - evidence reviewed, no active exploit path found",not independently verified in Batch A (see tests/ directory for e2e coverage of consent-gated flows; full per-handler unit test audit is out of scope for discovery),Read-only listing of schema.v1 controls for the attached executable; requires attached session.,none identified,none,none required,discovered - pending Batch B triage
39,live-memory-resolve-control,electron/live-memory-ipc.ts,701,schema,yes,yes,no,yes (1 call site),low,read-only,info,"yes - evidence reviewed, no active exploit path found",not independently verified in Batch A (see tests/ directory for e2e coverage of consent-gated flows; full per-handler unit test audit is out of scope for discovery),Resolves a control address and reads its current value (read-only); requires attached session; actual writes still route through propose/confirm.,none identified,none,none required,discovered - pending Batch B triage
40,live-memory-resolve-definition-feature,electron/live-memory-ipc.ts,730,schema,yes,yes,no,yes (1 call site),low,read-only,info,"yes - evidence reviewed, no active exploit path found",not independently verified in Batch A (see tests/ directory for e2e coverage of consent-gated flows; full per-handler unit test audit is out of scope for discovery),Resolves a catalog definition memory feature and reads current value (read-only); requires attached session.,none identified,none,none required,discovered - pending Batch B triage
41,live-memory-pointer-scan,electron/live-memory-ipc.ts,760,schema,yes,yes,no,yes (1 call site),low,read-only,info,"yes - evidence reviewed, no active exploit path found",not independently verified in Batch A (see tests/ directory for e2e coverage of consent-gated flows; full per-handler unit test audit is out of scope for discovery),Read-only pointer chain scan; requires attached session plus feature flag.,none identified,none,none required,discovered - pending Batch B triage
42,live-memory-scan-aob,electron/live-memory-ipc.ts,790,schema,yes,yes,no,yes (1 call site),low,read-only,info,"yes - evidence reviewed, no active exploit path found",not independently verified in Batch A (see tests/ directory for e2e coverage of consent-gated flows; full per-handler unit test audit is out of scope for discovery),Read-only array-of-bytes signature scan; requires attached session plus feature flag.,none identified,none,none required,discovered - pending Batch B triage
43,research:view,electron/live-memory-ipc.ts,806,schema,yes,yes,no,yes (1 call site),low,read-only,info,"yes - evidence reviewed, no active exploit path found",not independently verified in Batch A (see tests/ directory for e2e coverage of consent-gated flows; full per-handler unit test audit is out of scope for discovery),"Reads raw typed values from process memory (read-only); requires attached session and feature flag, appends audit log entry.",none identified,none,none required,discovered - pending Batch B triage
44,research:hex,electron/live-memory-ipc.ts,829,schema,yes,yes,no,yes (1 call site),low,read-only,info,"yes - evidence reviewed, no active exploit path found",not independently verified in Batch A (see tests/ directory for e2e coverage of consent-gated flows; full per-handler unit test audit is out of scope for discovery),"Reads a raw hex memory window (read-only); requires attached session and feature flag, appends audit log entry.",none identified,none,none required,discovered - pending Batch B triage
45,research:pointer-analyze,electron/live-memory-ipc.ts,852,schema,yes,yes,no,yes (1 call site),low,read-only,info,"yes - evidence reviewed, no active exploit path found",not independently verified in Batch A (see tests/ directory for e2e coverage of consent-gated flows; full per-handler unit test audit is out of scope for discovery),"Read-only pointer scan plus candidate analysis; requires attached session and feature flag, appends audit log entry.",none identified,none,none required,discovered - pending Batch B triage
46,research:resolve-path,electron/live-memory-ipc.ts,886,schema,yes,yes,no,yes (1 call site),low,read-only,info,"yes - evidence reviewed, no active exploit path found",not independently verified in Batch A (see tests/ directory for e2e coverage of consent-gated flows; full per-handler unit test audit is out of scope for discovery),"Resolves module+offset[+chain] to an address on the attached session only (read-only); requires attached session and feature flag, appends audit log entry noting offline-waiver status.",none identified,none,none required,discovered - pending Batch B triage
47,research:snapshot-diff,electron/live-memory-ipc.ts,918,schema,yes,no,no,yes (1 call site),low,read-only,info,"yes - evidence reviewed, no active exploit path found",not independently verified in Batch A (see tests/ directory for e2e coverage of consent-gated flows; full per-handler unit test audit is out of scope for discovery),"Only checks event.sender.isDestroyed() and feature flag — no requireBundle/requireSession, so it does not require an attached session; pure diff of two supplied snapshot objects, no live memory access.",none identified,none,none required,discovered - pending Batch B triage
48,research:snapshot-save,electron/live-memory-ipc.ts,933,schema,yes,no,no,yes (2 call sites),medium,write-local-file,medium,"yes - evidence reviewed, no active exploit path found",not independently verified in Batch A (see tests/ directory for e2e coverage of consent-gated flows; full per-handler unit test audit is out of scope for discovery),Only checks event.sender.isDestroyed() and feature flag; writes a snapshot JSON file under userData/research-sessions with no attach requirement (optionally logs to audit if a session happens to be attached for this sender).,none identified,medium,none required,discovered - pending Batch B triage
49,in-process-propose-hook,electron/live-memory-ipc.ts,968,schema,yes,yes,yes,yes (1 call site),low,read-only,info,"yes - evidence reviewed, no active exploit path found",not independently verified in Batch A (see tests/ directory for e2e coverage of consent-gated flows; full per-handler unit test audit is out of scope for discovery),"Propose step of hook-install flow; requires attached session, in-process feature enabled, and evaluateInProcessGate (offline confirmation + userApprovedAction) before generating a hook proposal (not yet installed).",none identified,none,none required,discovered - pending Batch B triage
50,in-process-confirm-hook,electron/live-memory-ipc.ts,985,schema,yes,yes,yes,yes (1 call site),medium-gated,process-execution,medium,"yes - evidence reviewed, no active exploit path found",not independently verified in Batch A (see tests/ directory for e2e coverage of consent-gated flows; full per-handler unit test audit is out of scope for discovery),"Installs an in-process code hook into the target process — high risk; confirm step keyed by sessionKey=String(event.sender.id)+proposalId (single-use pattern without a cryptographic consentToken), gated by in-process flag, offline/approval gate, and a re-checked online guard.",none identified,medium,none required,discovered - pending Batch B triage
51,in-process-rollback-hook,electron/live-memory-ipc.ts,1013,none,yes,yes,no,yes (1 call site),low,read-only,info,"yes - evidence reviewed, no active exploit path found",not independently verified in Batch A (see tests/ directory for e2e coverage of consent-gated flows; full per-handler unit test audit is out of scope for discovery),Takes no payload (no schema needed); rolls back a previously installed hook keyed by sessionKey=String(event.sender.id); requires attached session with active memory access and in-process feature enabled.,none identified,none,none required,discovered - pending Batch B triage
52,in-process-propose-injector-launch,electron/live-memory-ipc.ts,1033,schema,yes,yes,yes,yes (1 call site),low,read-only,info,"yes - evidence reviewed, no active exploit path found",not independently verified in Batch A (see tests/ directory for e2e coverage of consent-gated flows; full per-handler unit test audit is out of scope for discovery),"Propose step of injector-launch flow; requires attached session, verified process identity, in-process flag, and evaluateInProcessGate requiring both userConfirmedOffline and userApprovedAction true before staging a launch proposal.",none identified,none,none required,discovered - pending Batch B triage
53,in-process-issue-injector-consent,electron/live-memory-ipc.ts,1085,schema,yes,yes,yes,yes (1 call site),low,read-only,info,"yes - evidence reviewed, no active exploit path found",not independently verified in Batch A (see tests/ directory for e2e coverage of consent-gated flows; full per-handler unit test audit is out of scope for discovery),"Issue-consent step for injector launch; requires attached session, verified identity, a valid pending injector proposalId, and native requestPrivilegedWriteConsent dialog approval before minting a consent token.",none identified,none,none required,discovered - pending Batch B triage
54,in-process-register-injector-helper,electron/live-memory-ipc.ts,1135,schema,no,yes,yes,no (0 call sites),low,read-only,low,partial - see known issues,not independently verified in Batch A (see tests/ directory for e2e coverage of consent-gated flows; full per-handler unit test audit is out of scope for discovery),"Unlike its sibling handlers, does NOT call requireSession/requireBundle and never checks event.sender.isDestroyed() or an attach state — gated instead by in-process flag, path constraints (must exist, be .exe, under injector-helpers root, not a Windows system exe) plus a native requestPrivilegedApproval dialog before whitelisting the helper's SHA-256; no session-binding check at all.",Injector helper registration has no session-binding check (unlike sibling handlers),low,hardening (add missing check),discovered - pending Batch B triage
55,in-process-confirm-injector-launch,electron/live-memory-ipc.ts,1195,schema,yes,yes,yes,yes (1 call site),medium-gated,process-execution,medium,"yes - evidence reviewed, no active exploit path found",not independently verified in Batch A (see tests/ directory for e2e coverage of consent-gated flows; full per-handler unit test audit is out of scope for discovery),"Launches an injector helper process into the attached target — high risk; confirm step consumes parsed.consentToken bound to consentBinding/proposalId/identity, plus in-process flag, offline/approval gate, and a fresh remote-connections observation.",none identified,medium,none required,discovered - pending Batch B triage
56,local-ocr-list-window-sources,electron/local-ocr-ipc.ts,12,schema,no,no,no,yes (1 call site),low,read-only,info,"yes - evidence reviewed, no active exploit path found",not independently verified in Batch A (see tests/ directory for e2e coverage of consent-gated flows; full per-handler unit test audit is out of scope for discovery),"LocalOcrListSourcesSchema.parse validates optional targetName; enumerates all open window capture sources (desktopCapturer) with thumbnails/icons — privacy-relevant window enumeration, filtered but not restricted to a specific target process.",none identified,none,none required,discovered - pending Batch B triage
57,local-ocr-read-window-region,electron/local-ocr-ipc.ts,39,schema,no,no,no,yes (1 call site),low,read-only,info,"yes - evidence reviewed, no active exploit path found",not independently verified in Batch A (see tests/ directory for e2e coverage of consent-gated flows; full per-handler unit test audit is out of scope for discovery),"LocalOcrCaptureSchema.parse validates sourceId/roi, plus manual clampRoi() bounds-checks the ROI against actual thumbnail size before cropping; captures a screen region and runs local tesseract.js OCR on it.",none identified,none,none required,discovered - pending Batch B triage
58,get-games,electron/main.ts,338,none,no,no,no,yes (4 call sites),low,read-only,info,"yes - evidence reviewed, no active exploit path found",not independently verified in Batch A (see tests/ directory for e2e coverage of consent-gated flows; full per-handler unit test audit is out of scope for discovery),no input at all; reads all games from db,none identified,none,none required,discovered - pending Batch B triage
59,pick-game-folder,electron/main.ts,351,none,no,no,no,yes (1 call site),low,os-dialog,info,"yes - evidence reviewed, no active exploit path found",not independently verified in Batch A (see tests/ directory for e2e coverage of consent-gated flows; full per-handler unit test audit is out of scope for discovery),"opens native OS folder picker dialog scoped to sender's window, no other input",none identified,none,none required,discovered - pending Batch B triage
60,pick-game-executable,electron/main.ts,367,none,no,no,no,yes (1 call site),low,os-dialog,info,"yes - evidence reviewed, no active exploit path found",not independently verified in Batch A (see tests/ directory for e2e coverage of consent-gated flows; full per-handler unit test audit is out of scope for discovery),"opens native OS file picker filtered to .exe, no other input",none identified,none,none required,discovered - pending Batch B triage
61,add-game,electron/main.ts,385,schema,no,no,no,yes (2 call sites),low,read-only,info,"yes - evidence reviewed, no active exploit path found",not independently verified in Batch A (see tests/ directory for e2e coverage of consent-gated flows; full per-handler unit test audit is out of scope for discovery),AddGameSchema.parse plus separate validatePathSafety check on parsed.path before insert,none identified,none,none required,discovered - pending Batch B triage
62,update-game,electron/main.ts,406,schema,no,no,no,yes (1 call site),low,read-only,info,"yes - evidence reviewed, no active exploit path found",not independently verified in Batch A (see tests/ directory for e2e coverage of consent-gated flows; full per-handler unit test audit is out of scope for discovery),UpdateGameSchema.parse plus validatePathSafety on parsed.path; gameId must be uuid or demo literal,none identified,none,none required,discovered - pending Batch B triage
63,scan-game,electron/main.ts,438,schema,no,no,no,yes (2 call sites),low,read-only,info,"yes - evidence reviewed, no active exploit path found",not independently verified in Batch A (see tests/ directory for e2e coverage of consent-gated flows; full per-handler unit test audit is out of scope for discovery),"ScanGameSchema.parse on gameId only, then filesystem scan of game.path",none identified,none,none required,discovered - pending Batch B triage
64,delete-game,electron/main.ts,452,schema,no,no,no,yes (1 call site),medium,write-local-db-destructive,medium,"yes - evidence reviewed, no active exploit path found",not independently verified in Batch A (see tests/ directory for e2e coverage of consent-gated flows; full per-handler unit test audit is out of scope for discovery),"DeleteGameSchema.parse on gameId; deletes db row, irreversible",none identified,medium,none required,discovered - pending Batch B triage
65,get-recipes,electron/main.ts,467,schema,no,no,no,yes (2 call sites),low,read-only,info,"yes - evidence reviewed, no active exploit path found",not independently verified in Batch A (see tests/ directory for e2e coverage of consent-gated flows; full per-handler unit test audit is out of scope for discovery),"read-only, GetRecipesSchema.parse on gameId",none identified,none,none required,discovered - pending Batch B triage
66,create-recipe,electron/main.ts,481,schema,no,no,no,yes (1 call site),low,read-only,info,"yes - evidence reviewed, no active exploit path found",not independently verified in Batch A (see tests/ directory for e2e coverage of consent-gated flows; full per-handler unit test audit is out of scope for discovery),"CreateRecipeSchema.parse (with superRefine) plus validateIpcPathSafety(target, gameId) confinement check",none identified,none,none required,discovered - pending Batch B triage
67,get-journal,electron/main.ts,500,schema,no,no,no,yes (1 call site),low,read-only,info,"yes - evidence reviewed, no active exploit path found",not independently verified in Batch A (see tests/ directory for e2e coverage of consent-gated flows; full per-handler unit test audit is out of scope for discovery),"read-only, GetJournalSchema.parse, gameId optional/nullable",none identified,none,none required,discovered - pending Batch B triage
68,log-event,electron/main.ts,514,schema,no,no,no,no (0 call sites),low,read-only,info,"yes - evidence reviewed, no active exploit path found",not independently verified in Batch A (see tests/ directory for e2e coverage of consent-gated flows; full per-handler unit test audit is out of scope for discovery),"LogEventSchema.parse, writes a journal row only, low risk",none identified,none,none required,discovered - pending Batch B triage
69,get-settings,electron/main.ts,533,none,no,no,no,yes (6 call sites),low,read-only,info,"yes - evidence reviewed, no active exploit path found",not independently verified in Batch A (see tests/ directory for e2e coverage of consent-gated flows; full per-handler unit test audit is out of scope for discovery),no input at all; reads settings,none identified,none,none required,discovered - pending Batch B triage
70,set-setting,electron/main.ts,546,schema,no,no,no,yes (5 call sites),low,read-only,info,"yes - evidence reviewed, no active exploit path found",not independently verified in Batch A (see tests/ directory for e2e coverage of consent-gated flows; full per-handler unit test audit is out of scope for discovery),SetSettingSchema.parse on key/value union; any renderer can flip any setting key including v2SessionMonitorEnabled/communitySyncEnabled with side effects,none identified,none,none required,discovered - pending Batch B triage
71,delete-recipe,electron/main.ts,573,schema,no,no,no,yes (1 call site),medium,write-local-db-destructive,medium,"yes - evidence reviewed, no active exploit path found",not independently verified in Batch A (see tests/ directory for e2e coverage of consent-gated flows; full per-handler unit test audit is out of scope for discovery),"DeleteRecipeSchema.parse (uuid), deletes db row",none identified,medium,none required,discovered - pending Batch B triage
72,get-backups,electron/main.ts,588,schema,no,no,no,yes (1 call site),low,read-only,info,"yes - evidence reviewed, no active exploit path found",not independently verified in Batch A (see tests/ directory for e2e coverage of consent-gated flows; full per-handler unit test audit is out of scope for discovery),"read-only, GetBackupsSchema.parse on gameId",none identified,none,none required,discovered - pending Batch B triage
73,restore-backup,electron/main.ts,602,schema,no,no,no,yes (2 call sites),medium,write-local-file,medium,"yes - evidence reviewed, no active exploit path found",not independently verified in Batch A (see tests/ directory for e2e coverage of consent-gated flows; full per-handler unit test audit is out of scope for discovery),"RestoreBackupSchema.parse (uuid backupId); restores a file from backup and writes journal entry, no path safety re-check on restored file itself",none identified,medium,none required,discovered - pending Batch B triage
74,detect-save-files,electron/main.ts,639,schema,no,no,no,yes (2 call sites),low,read-only,info,"yes - evidence reviewed, no active exploit path found",not independently verified in Batch A (see tests/ directory for e2e coverage of consent-gated flows; full per-handler unit test audit is out of scope for discovery),"DetectSaveFilesSchema.parse on gameId; scans filesystem under game path and approved save locations, read-only",none identified,none,none required,discovered - pending Batch B triage
75,pick-save-file,electron/main.ts,676,schema,no,no,no,yes (1 call site),low,os-dialog,info,"yes - evidence reviewed, no active exploit path found",not independently verified in Batch A (see tests/ directory for e2e coverage of consent-gated flows; full per-handler unit test audit is out of scope for discovery),"validates gameId via DetectSaveFilesSchema; opens native file dialog and then auto-approves the parent folder as a save location for that gameId via addUserSelectedLocation (user picks the file, so implicit consent via OS dialog)",none identified,none,none required,discovered - pending Batch B triage
76,parse-save,electron/main.ts,705,schema,no,yes - validateSaveDataFileAccess requires filePath be within an approved save location or registered game root for that gameId,no,yes (1 call site),low,read-only,info,"yes - evidence reviewed, no active exploit path found",not independently verified in Batch A (see tests/ directory for e2e coverage of consent-gated flows; full per-handler unit test audit is out of scope for discovery),ParseSaveSchema.parse then validateSaveDataFileAccess path/ownership gate before reading file,none identified,none,none required,discovered - pending Batch B triage
77,compare-saves,electron/main.ts,734,schema,no,yes - validateSaveDataFileAccess on both savePathA and savePathB against gameId,no,no (0 call sites),low,read-only,info,"yes - evidence reviewed, no active exploit path found",not independently verified in Batch A (see tests/ directory for e2e coverage of consent-gated flows; full per-handler unit test audit is out of scope for discovery),CompareSavesSchema.parse plus dual file-access checks before reading two files,none identified,none,none required,discovered - pending Batch B triage
78,compare-saves-report,electron/main.ts,761,schema,no,yes - validateSaveDataFileAccess on both file paths against gameId,no,yes (1 call site),low,read-only,info,"yes - evidence reviewed, no active exploit path found",not independently verified in Batch A (see tests/ directory for e2e coverage of consent-gated flows; full per-handler unit test audit is out of scope for discovery),same pattern as compare-saves but returns a richer report object,none identified,none,none required,discovered - pending Batch B triage
79,create-proposal-for-edit,electron/main.ts,789,schema,no,"yes - validateIpcPathSafety(filePath, gameId) confines target file to game's approved root before creating proposal",no,yes (2 call sites),low,read-only,info,"yes - evidence reviewed, no active exploit path found",not independently verified in Batch A (see tests/ directory for e2e coverage of consent-gated flows; full per-handler unit test audit is out of scope for discovery),"CreateProposalSchema.parse; this only creates a pending proposal object, does not write to disk itself",none identified,none,none required,discovered - pending Batch B triage
80,apply-proposal,electron/main.ts,817,schema,no,"yes - validateIpcPathSafety(targetFile, gameId) then a dry-run (dryRunProposal) must succeed before the real write executes",no,yes (2 call sites),low-medium-gated,write-local-file,info,"yes - evidence reviewed, no active exploit path found",not independently verified in Batch A (see tests/ directory for e2e coverage of consent-gated flows; full per-handler unit test audit is out of scope for discovery),"ApplyProposalSchema.parse; mutates a save/data file on disk after path-safety + dry-run gate; no explicit consent token but caller must submit a full pre-built proposal object (id, risk, dryRunPassed fields) rather than a two-phase server-side token",none identified,none,none required,discovered - pending Batch B triage
81,suggest-data-edits,electron/main.ts,842,schema,no,"yes - validateSaveDataFileAccess(gameId, filePath) gate before reading file",no,yes (1 call site),low,read-only,info,"yes - evidence reviewed, no active exploit path found",not independently verified in Batch A (see tests/ directory for e2e coverage of consent-gated flows; full per-handler unit test audit is out of scope for discovery),SuggestDataEditsSchema.parse; read-only analysis of a save/data file,none identified,none,none required,discovered - pending Batch B triage
82,discover-save-locations,electron/main.ts,863,schema,no,no,no,yes (2 call sites),low,read-only,info,"yes - evidence reviewed, no active exploit path found",not independently verified in Batch A (see tests/ directory for e2e coverage of consent-gated flows; full per-handler unit test audit is out of scope for discovery),DiscoverSaveLocationsSchema.parse on gameId; read-only filesystem discovery scan,none identified,none,none required,discovered - pending Batch B triage
83,get-save-locations,electron/main.ts,877,schema,no,no,no,yes (1 call site),low,read-only,info,"yes - evidence reviewed, no active exploit path found",not independently verified in Batch A (see tests/ directory for e2e coverage of consent-gated flows; full per-handler unit test audit is out of scope for discovery),"read-only, GetSaveLocationsSchema.parse on gameId",none identified,none,none required,discovered - pending Batch B triage
84,approve-save-location,electron/main.ts,891,schema,no,no,no,yes (2 call sites),low,read-only,low,partial - see known issues,not independently verified in Batch A (see tests/ directory for e2e coverage of consent-gated flows; full per-handler unit test audit is out of scope for discovery),ApproveSaveLocationSchema.parse(locationId uuid) only; any renderer can approve any locationId by id with no ownership/game binding check shown in this handler beyond schema shape,Weak ownership binding on save-location approval - any valid UUID accepted regardless of caller context,low,hardening (add missing check),discovered - pending Batch B triage
85,revoke-save-location,electron/main.ts,906,schema,no,no,no,yes (1 call site),low,read-only,info,"yes - evidence reviewed, no active exploit path found",not independently verified in Batch A (see tests/ directory for e2e coverage of consent-gated flows; full per-handler unit test audit is out of scope for discovery),"RevokeSaveLocationSchema.parse(locationId uuid) only, same pattern as approve",none identified,none,none required,discovered - pending Batch B triage
86,add-user-selected-location,electron/main.ts,921,schema,no,no,no,yes (1 call site),medium,write-local-state,medium,partial - see known issues,not independently verified in Batch A (see tests/ directory for e2e coverage of consent-gated flows; full per-handler unit test audit is out of scope for discovery),"AddUserSelectedLocationSchema.parse(gameId, path); registers an arbitrary renderer-supplied path as an approved save location for a game with no path-safety/confinement check visible in this handler",Renderer-supplied path accepted as approved save location with no confinement check,medium,hardening (add missing check),discovered - pending Batch B triage
87,check-game-running,electron/main.ts,936,schema,no,no,no,yes (2 call sites),low,read-only,info,"yes - evidence reviewed, no active exploit path found",not independently verified in Batch A (see tests/ directory for e2e coverage of consent-gated flows; full per-handler unit test audit is out of scope for discovery),CheckGameRunningSchema.parse(gameId); read-only process-list check against configured executable names,none identified,none,none required,discovered - pending Batch B triage
88,get-compatibility-profile,electron/main.ts,957,schema,no,no,no,no (0 call sites),low,read-only,info,"yes - evidence reviewed, no active exploit path found",not independently verified in Batch A (see tests/ directory for e2e coverage of consent-gated flows; full per-handler unit test audit is out of scope for discovery),"read-only, GetCompatibilityProfileSchema.parse on gameId",none identified,none,none required,discovered - pending Batch B triage
89,get-all-profiles,electron/main.ts,972,none,no,no,no,yes (1 call site),low,read-only,low,partial - see known issues,not independently verified in Batch A (see tests/ directory for e2e coverage of consent-gated flows; full per-handler unit test audit is out of scope for discovery),"no input; runs raw SQL SELECT * with no params (no injection risk since no interpolation), read-only","Raw SQL SELECT * (no params, no injection risk, but no pagination/limit)",low,hardening (add missing check),discovered - pending Batch B triage
90,v2-monitor-start,electron/main.ts,1004,schema,yes - explicit event.sender.isDestroyed() check before parsing payload,yes - gated on module-level lifecycleWiring being initialised and on v2SessionMonitorEnabled feature flag read server-side; ownership keyed to event.sender.id (never payload-supplied) per code comment,no,yes (1 call site),low,read-only,info,"yes - evidence reviewed, no active exploit path found",not independently verified in Batch A (see tests/ directory for e2e coverage of consent-gated flows; full per-handler unit test audit is out of scope for discovery),V2MonitorStartSchema.parse; comment explicitly states senderId is derived from IPC event never payload to prevent renderer impersonation,none identified,none,none required,discovered - pending Batch B triage
91,v2-monitor-stop,electron/main.ts,1035,none,yes - event.sender.isDestroyed() check,yes - stop is scoped to event.sender.id via lifecycleWiring.handleStop,no,yes (1 call site),low,read-only,info,"yes - evidence reviewed, no active exploit path found",not independently verified in Batch A (see tests/ directory for e2e coverage of consent-gated flows; full per-handler unit test audit is out of scope for discovery),no payload at all besides event; ownership enforced downstream by sender.id,none identified,none,none required,discovered - pending Batch B triage
92,v2-monitor-get-state,electron/main.ts,1049,none,no,no,no,yes (1 call site),low,read-only,info,"yes - evidence reviewed, no active exploit path found",not independently verified in Batch A (see tests/ directory for e2e coverage of consent-gated flows; full per-handler unit test audit is out of scope for discovery),"no input, read-only status snapshot",none identified,none,none required,discovered - pending Batch B triage
93,v2-monitor-clear-timeline,electron/main.ts,1058,none,no,no,no,yes (1 call site),low,read-only,info,"yes - evidence reviewed, no active exploit path found",not independently verified in Batch A (see tests/ directory for e2e coverage of consent-gated flows; full per-handler unit test audit is out of scope for discovery),"no input; clears in-memory timeline for the single global session monitor, not scoped per-sender",none identified,none,none required,discovered - pending Batch B triage
94,v2-monitor-export-diagnostics,electron/main.ts,1068,none,no,no,no,yes (1 call site),low,read-only,info,"yes - evidence reviewed, no active exploit path found",not independently verified in Batch A (see tests/ directory for e2e coverage of consent-gated flows; full per-handler unit test audit is out of scope for discovery),"no input; exports diagnostics object, read-only",none identified,none,none required,discovered - pending Batch B triage
95,trainer-host-start,electron/main.ts,1083,schema,yes - event.sender.isDestroyed() check,no - first caller becomes owner (trainerHostOwner = event.sender.id) but starting itself is not gated by any prior session/consent check,no,yes (2 call sites),low,read-only,info,"yes - evidence reviewed, no active exploit path found",not independently verified in Batch A (see tests/ directory for e2e coverage of consent-gated flows; full per-handler unit test audit is out of scope for discovery),TrainerHostStartSchema is an empty object schema (z.object({})); lazily constructs a process supervisor singleton,none identified,none,none required,discovered - pending Batch B triage
96,trainer-host-stop,electron/main.ts,1104,none,yes - event.sender.isDestroyed() check,yes - trainerHostOwner must be null or equal event.sender.id ('not_owner' rejection),no,yes (1 call site),low,read-only,info,"yes - evidence reviewed, no active exploit path found",not independently verified in Batch A (see tests/ directory for e2e coverage of consent-gated flows; full per-handler unit test audit is out of scope for discovery),no payload; ownership check prevents a different renderer from stopping another's session,none identified,none,none required,discovered - pending Batch B triage
97,trainer-host-get-status,electron/main.ts,1119,none,no,no,no,no (0 call sites),low,read-only,info,"yes - evidence reviewed, no active exploit path found",not independently verified in Batch A (see tests/ directory for e2e coverage of consent-gated flows; full per-handler unit test audit is out of scope for discovery),"no input, read-only status, not owner-gated (any sender can query status)",none identified,none,none required,discovered - pending Batch B triage
98,trainer-host-read-field,electron/main.ts,1128,schema,yes - event.sender.isDestroyed() check,"yes - trainerHostOwner must match event.sender.id, plus downstream isPathApproved() enforced inside supervisor.readField() per inline comment",no,yes (1 call site),low,read-only,info,"yes - evidence reviewed, no active exploit path found",not independently verified in Batch A (see tests/ directory for e2e coverage of consent-gated flows; full per-handler unit test audit is out of scope for discovery),"TrainerHostReadFieldSchema.parse; reads memory-mapped/file field from a running trainer host process, gated by ownership + path approval",none identified,none,none required,discovered - pending Batch B triage
99,trainer-host-propose-write,electron/main.ts,1146,schema,yes - event.sender.isDestroyed() check,yes - trainerHostOwner must match event.sender.id before a write can even be proposed,"yes - this is phase 1 of a two-phase propose/confirm flow; only creates a pending proposal, does not write",yes (1 call site),low,read-only,info,"yes - evidence reviewed, no active exploit path found",not independently verified in Batch A (see tests/ directory for e2e coverage of consent-gated flows; full per-handler unit test audit is out of scope for discovery),TrainerHostProposeWriteSchema.parse; comment says proposal must be explicitly approved via trainer-host-approve-and-write,none identified,none,none required,discovered - pending Batch B triage
100,trainer-host-approve-and-write,electron/main.ts,1166,schema,yes - event.sender.isDestroyed() check,yes - trainerHostOwner must match event.sender.id; additionally the proposalId must exist in supervisor's pending-proposal map per inline comment ('consuming it is the approval gate'),"yes - executes a previously proposed write identified only by proposalId, consuming it as the approval token",yes (1 call site),low,read-only,info,"yes - evidence reviewed, no active exploit path found",not independently verified in Batch A (see tests/ directory for e2e coverage of consent-gated flows; full per-handler unit test audit is out of scope for discovery),TrainerHostApproveAndWriteSchema.parse(proposalId); actually performs the memory/file write,none identified,none,none required,discovered - pending Batch B triage
101,trainer-host-rollback,electron/main.ts,1182,schema,yes - event.sender.isDestroyed() check,yes - trainerHostOwner must match event.sender.id,"no - rollback restores from an already-created backup, not gated by a fresh consent token itself",yes (1 call site),low,read-only,info,"yes - evidence reviewed, no active exploit path found",not independently verified in Batch A (see tests/ directory for e2e coverage of consent-gated flows; full per-handler unit test audit is out of scope for discovery),"TrainerHostRollbackSchema.parse(filePath, backupPath, field, gameId); restores prior value from backup file",none identified,none,none required,discovered - pending Batch B triage
102,registry-run-readonly-verification,electron/registry-verification-ipc.ts,108,schema,no,no,no,yes (1 call site),high,process-execution,high,no - needs Batch B review,not independently verified in Batch A (see tests/ directory for e2e coverage of consent-gated flows; full per-handler unit test audit is out of scope for discovery),Not Windows registry access (no HKLM/HKCU/WMI touched anywhere in this file) — 'registry' means a compiled CT/cheat-table artifact (pointers/scripts/AOB signatures). RunVerificationSchema.parse (registry field is z.unknown()) is followed by manual deep validation via validateLoadedRegistry(); spawns a worker_threads.Worker against a caller-supplied pid/executableName for 'read-only' memory verification and writes a JSON artifact to userData/runtime-verification. The process metadata sent to the worker hardcodes selectedByUser: true regardless of any real user confirmation.,Worker metadata claims user-selection regardless of actual confirmation state,high,review required before Batch B closure,discovered - pending Batch B triage
103,registry-compare-restart-artifacts,electron/registry-verification-ipc.ts,146,schema,no,no,no,yes (1 call site),low,read-only,info,"yes - evidence reviewed, no active exploit path found",not independently verified in Batch A (see tests/ directory for e2e coverage of consent-gated flows; full per-handler unit test audit is out of scope for discovery),"CompareRestartSchema.parse (previous/current as z.unknown()) plus a manual isHeadlessArtifact() shape guard; pure in-memory comparison of two prior verification artifacts, no filesystem or registry access.",none identified,none,none required,discovered - pending Batch B triage
104,trainer-catalog-search,electron/trainer-catalog-ipc.ts,92,schema,no,no,no,yes (2 call sites),low,read-only,info,"yes - evidence reviewed, no active exploit path found",not independently verified in Batch A (see tests/ directory for e2e coverage of consent-gated flows; full per-handler unit test audit is out of scope for discovery),Read-only search; SearchSchema.parse validates query/limit/offset/categories/verificationStatus.,none identified,none,none required,discovered - pending Batch B triage
105,trainer-catalog-stats,electron/trainer-catalog-ipc.ts,113,none,no,no,no,no (0 call sites),low,read-only,info,"yes - evidence reviewed, no active exploit path found",not independently verified in Batch A (see tests/ directory for e2e coverage of consent-gated flows; full per-handler unit test audit is out of scope for discovery),No input payload; read-only stats/sync-log listing.,none identified,none,none required,discovered - pending Batch B triage
106,trainer-catalog-get,electron/trainer-catalog-ipc.ts,125,schema,no,no,no,no (0 call sites),low,read-only,info,"yes - evidence reviewed, no active exploit path found",not independently verified in Batch A (see tests/ directory for e2e coverage of consent-gated flows; full per-handler unit test audit is out of scope for discovery),CatalogGameIdSchema.parse; read-only single entry lookup.,none identified,none,none required,discovered - pending Batch B triage
107,trainer-catalog-seed,electron/trainer-catalog-ipc.ts,136,none,no,no,no,yes (4 call sites),low,read-only,info,"yes - evidence reviewed, no active exploit path found",not independently verified in Batch A (see tests/ directory for e2e coverage of consent-gated flows; full per-handler unit test audit is out of scope for discovery),No user input; reads bundled seed file and writes seeded rows/definitions to local catalog store.,none identified,none,none required,discovered - pending Batch B triage
108,trainer-catalog-sync-remote,electron/trainer-catalog-ipc.ts,147,none,no,"yes - gated by v2RemoteCatalogSyncEnabled setting flag (feature toggle, not identity/role based)",no,yes (1 call site),low-medium-gated,network-outbound,info,"yes - evidence reviewed, no active exploit path found",not independently verified in Batch A (see tests/ directory for e2e coverage of consent-gated flows; full per-handler unit test audit is out of scope for discovery),Triggers outbound network sync of trainer sources when not disabled by setting.,none identified,none,none required,discovered - pending Batch B triage
109,trainer-catalog-sync-hub,electron/trainer-catalog-ipc.ts,159,schema,no,no,yes - overwriteUserDefinitions must be explicit true to overwrite locally-authored definitions,yes (1 call site),low-medium-gated,network-outbound,info,"yes - evidence reviewed, no active exploit path found",not independently verified in Batch A (see tests/ directory for e2e coverage of consent-gated flows; full per-handler unit test audit is out of scope for discovery),Syncs community hub definitions; overwrite of user data requires explicit boolean flag.,none identified,none,none required,discovered - pending Batch B triage
110,trainer-catalog-get-definition,electron/trainer-catalog-ipc.ts,171,schema,no,no,no,yes (1 call site),low,read-only,info,"yes - evidence reviewed, no active exploit path found",not independently verified in Batch A (see tests/ directory for e2e coverage of consent-gated flows; full per-handler unit test audit is out of scope for discovery),Validates stored definition against SolithDefinitionV1Schema before returning; read-only.,none identified,none,none required,discovered - pending Batch B triage
111,publishToCommunity,electron/trainer-catalog-ipc.ts,187,schema,no,no,no,yes (1 call site),medium,network-outbound,medium,"yes - evidence reviewed, no active exploit path found",not independently verified in Batch A (see tests/ directory for e2e coverage of consent-gated flows; full per-handler unit test audit is out of scope for discovery),Publishes a full definition + executableHash to the community hub over the network with no session/consent gate beyond schema shape.,none identified,medium,none required,discovered - pending Batch B triage
112,trainer-catalog-load-game,electron/trainer-catalog-ipc.ts,197,schema,no,no,no,yes (5 call sites),medium,write-local-state,medium,"yes - evidence reviewed, no active exploit path found",not independently verified in Batch A (see tests/ directory for e2e coverage of consent-gated flows; full per-handler unit test audit is out of scope for discovery),Registers game config into cheat-system game-registry (in-memory state mutation) and enables save access.,none identified,medium,none required,discovered - pending Batch B triage
113,trainer-catalog-get-trainer-controls,electron/trainer-catalog-ipc.ts,227,schema,no,no,no,yes (1 call site),low,read-only,info,"yes - evidence reviewed, no active exploit path found",not independently verified in Batch A (see tests/ directory for e2e coverage of consent-gated flows; full per-handler unit test audit is out of scope for discovery),Read-only dual-read of save-edit controls for a catalog game.,none identified,none,none required,discovered - pending Batch B triage
114,trainer-catalog-approve-save-path,electron/trainer-catalog-ipc.ts,246,schema,no,no,yes - this handler itself is the user's explicit approval action granting a save file/location access,yes (2 call sites),low-medium-gated,write-local-state,info,"yes - evidence reviewed, no active exploit path found",not independently verified in Batch A (see tests/ directory for e2e coverage of consent-gated flows; full per-handler unit test audit is out of scope for discovery),Grants a save-file directory as an approved location; saveFilePath dirname is trusted directly from renderer input.,none identified,none,none required,discovered - pending Batch B triage
115,trainer-catalog-pick-ct,electron/trainer-catalog-ipc.ts,267,manual,yes - uses event.sender via BrowserWindow.fromWebContents to anchor the dialog,no,no,yes (1 call site),low,os-dialog,info,"yes - evidence reviewed, no active exploit path found",not independently verified in Batch A (see tests/ directory for e2e coverage of consent-gated flows; full per-handler unit test audit is out of scope for discovery),"Opens native file picker, enforces extension regex and 1B-8MB size bounds, reads file and hashes it (sha256) before returning contents to renderer.",none identified,none,none required,discovered - pending Batch B triage
116,trainer-catalog-preview-ct,electron/trainer-catalog-ipc.ts,300,schema,no,no,no,yes (1 call site),low,read-only,info,"yes - evidence reviewed, no active exploit path found",not independently verified in Batch A (see tests/ directory for e2e coverage of consent-gated flows; full per-handler unit test audit is out of scope for discovery),PickedCtSchema.parse plus manual sha256 re-verification to guard against TOCTOU tampering of picked file content before preview parse.,none identified,none,none required,discovered - pending Batch B triage
117,trainer-catalog-import-ct,electron/trainer-catalog-ipc.ts,332,schema,no,no,no,yes (3 call sites),medium,write-local-file,medium,"yes - evidence reviewed, no active exploit path found",not independently verified in Batch A (see tests/ directory for e2e coverage of consent-gated flows; full per-handler unit test audit is out of scope for discovery),Imports and writes a new catalog definition parsed from an externally supplied Cheat Engine table XML.,none identified,medium,none required,discovered - pending Batch B triage
118,trainer-catalog-feedback-record,electron/trainer-catalog-ipc.ts,355,schema,no,no,no,yes (2 call sites),medium,write-local-file,medium,"yes - evidence reviewed, no active exploit path found",not independently verified in Batch A (see tests/ directory for e2e coverage of consent-gated flows; full per-handler unit test audit is out of scope for discovery),Writes definition feedback record; low-risk local write.,none identified,medium,none required,discovered - pending Batch B triage
119,trainer-catalog-feedback-summary,electron/trainer-catalog-ipc.ts,366,schema,no,no,no,yes (1 call site),low,read-only,info,"yes - evidence reviewed, no active exploit path found",not independently verified in Batch A (see tests/ directory for e2e coverage of consent-gated flows; full per-handler unit test audit is out of scope for discovery),Read-only feedback/quarantine summary lookup.,none identified,none,none required,discovered - pending Batch B triage
120,trainer-catalog-evaluate-promotion,electron/trainer-catalog-ipc.ts,378,schema,no,no,no,yes (1 call site),low,read-only,info,"yes - evidence reviewed, no active exploit path found",not independently verified in Batch A (see tests/ directory for e2e coverage of consent-gated flows; full per-handler unit test audit is out of scope for discovery),Read-only eligibility computation for promotion to verified status.,none identified,none,none required,discovered - pending Batch B triage
121,trainer-catalog-promote-verified,electron/trainer-catalog-ipc.ts,390,schema,no,no,no,no (0 call sites),medium,write-local-state,medium,partial - see known issues,not independently verified in Batch A (see tests/ directory for e2e coverage of consent-gated flows; full per-handler unit test audit is out of scope for discovery),Escalates a definition's verificationStatus to verified with no session/role/consent gate beyond a valid catalogGameId - notable trust-elevation action with weak gating.,Trust-elevation action (promote to verified) has no gate beyond schema shape,medium,hardening (add missing check),discovered - pending Batch B triage
122,trainer-catalog-export-definition,electron/trainer-catalog-ipc.ts,402,schema,no,no,no,yes (2 call sites),low,read-only,info,"yes - evidence reviewed, no active exploit path found",not independently verified in Batch A (see tests/ directory for e2e coverage of consent-gated flows; full per-handler unit test audit is out of scope for discovery),Exports a stored definition to YAML text returned to renderer; no direct filesystem write here.,none identified,none,none required,discovered - pending Batch B triage
123,trainer-catalog-pending-quarantine,electron/trainer-catalog-ipc.ts,420,none,no,no,no,yes (1 call site),low,read-only,info,"yes - evidence reviewed, no active exploit path found",not independently verified in Batch A (see tests/ directory for e2e coverage of consent-gated flows; full per-handler unit test audit is out of scope for discovery),No input; read-only listing of quarantined/pending definition updates.,none identified,none,none required,discovered - pending Batch B triage
124,trainer-catalog-import-yaml,electron/trainer-catalog-ipc.ts,429,schema,no,no,no,yes (2 call sites),low,read-only,info,"yes - evidence reviewed, no active exploit path found",not independently verified in Batch A (see tests/ directory for e2e coverage of consent-gated flows; full per-handler unit test audit is out of scope for discovery),Parses and imports an arbitrary YAML definition blob (up to 2MB) into the catalog store.,none identified,none,none required,discovered - pending Batch B triage
125,trainer-deck-get,electron/trainer-deck-ipc.ts,39,manual,no,no,no,yes (1 call site),low,read-only,info,"yes - evidence reviewed, no active exploit path found",not independently verified in Batch A (see tests/ directory for e2e coverage of consent-gated flows; full per-handler unit test audit is out of scope for discovery),"catalogGameId pulled via manual 'in' check and String() coercion, no length/format limits; aggregates entry/definition/health/install/demand data (read-only).",none identified,none,none required,discovered - pending Batch B triage
126,trainer-health-check,electron/trainer-deck-ipc.ts,72,manual,no,no,no,yes (2 call sites),low,read-only,info,"yes - evidence reviewed, no active exploit path found",not independently verified in Batch A (see tests/ directory for e2e coverage of consent-gated flows; full per-handler unit test audit is out of scope for discovery),"Optional catalogGameId manually type-guarded, no schema; runs health check computation.",none identified,none,none required,discovered - pending Batch B triage
127,trainer-health-list,electron/trainer-deck-ipc.ts,85,none,no,no,no,yes (1 call site),low,read-only,info,"yes - evidence reviewed, no active exploit path found",not independently verified in Batch A (see tests/ directory for e2e coverage of consent-gated flows; full per-handler unit test audit is out of scope for discovery),No input; read-only listing of all trainer health records.,none identified,none,none required,discovered - pending Batch B triage
128,trainer-catalog-certify-l1,electron/trainer-deck-ipc.ts,93,manual,no,no,no,yes (1 call site),low,read-only,info,"yes - evidence reviewed, no active exploit path found",not independently verified in Batch A (see tests/ directory for e2e coverage of consent-gated flows; full per-handler unit test audit is out of scope for discovery),Manual non-empty check on catalogGameId only; runs offline L1 certification writing certification results.,none identified,none,none required,discovered - pending Batch B triage
129,catalog-demand-notify,electron/trainer-deck-ipc.ts,107,manual,no,no,no,yes (2 call sites),medium,write-local-file,medium,"yes - evidence reviewed, no active exploit path found",not independently verified in Batch A (see tests/ directory for e2e coverage of consent-gated flows; full per-handler unit test audit is out of scope for discovery),"catalogGameId required manually; kind validated only via inline ternary fallback ('notify' default), no schema; writes demand record.",none identified,medium,none required,discovered - pending Batch B triage
130,catalog-demand-list,electron/trainer-deck-ipc.ts,124,none,no,no,no,no (0 call sites),low,read-only,info,"yes - evidence reviewed, no active exploit path found",not independently verified in Batch A (see tests/ directory for e2e coverage of consent-gated flows; full per-handler unit test audit is out of scope for discovery),No input; read-only demand list.,none identified,none,none required,discovered - pending Batch B triage
131,install-discovery-open-path,electron/trainer-deck-ipc.ts,132,manual,no,no,no,yes (1 call site),low,read-only,info,"yes - evidence reviewed, no active exploit path found",not independently verified in Batch A (see tests/ directory for e2e coverage of consent-gated flows; full per-handler unit test audit is out of scope for discovery),"Manually resolves target path and enforces isPathUnderApprovedInstall containment check before calling shell.openPath - opens a file/folder via OS default handler, path traversal is explicitly guarded but no zod schema used.",none identified,none,none required,discovered - pending Batch B triage
132,catalog-process-watch-active,electron/trainer-deck-ipc.ts,159,manual,no,no,no,yes (2 call sites),medium,write-local-state,medium,"yes - evidence reviewed, no active exploit path found",not independently verified in Batch A (see tests/ directory for e2e coverage of consent-gated flows; full per-handler unit test audit is out of scope for discovery),"Manual boolean coercion of 'active'; toggles background process-watch polling interval, no destructive effect.",none identified,medium,none required,discovered - pending Batch B triage
133,trainer-hotkeys-get-defaults,electron/trainer-hotkeys.ts,45,none,no,no,no,yes (1 call site),low,read-only,info,"yes - evidence reviewed, no active exploit path found",not independently verified in Batch A (see tests/ directory for e2e coverage of consent-gated flows; full per-handler unit test audit is out of scope for discovery),No payload; returns default trainer hotkey bindings.,none identified,none,none required,discovered - pending Batch B triage
134,trainer-hotkeys-get-bindings,electron/trainer-hotkeys.ts,50,none,no,no,no,yes (1 call site),low,read-only,info,"yes - evidence reviewed, no active exploit path found",not independently verified in Batch A (see tests/ directory for e2e coverage of consent-gated flows; full per-handler unit test audit is out of scope for discovery),No payload; returns current bindings plus conflict/OS-warning detection.,none identified,none,none required,discovered - pending Batch B triage
135,trainer-hotkeys-set-bindings,electron/trainer-hotkeys.ts,60,manual,no,no,no,yes (1 call site),medium,write-local-state,medium,partial - see known issues,not independently verified in Batch A (see tests/ directory for e2e coverage of consent-gated flows; full per-handler unit test audit is out of scope for discovery),"Only checks payload is an object containing a 'hotkeys' key, then blind-casts it to Record<string,string> and merges into bindings and re-registers global OS shortcuts — value types/contents are never actually validated.",Hotkey binding values accepted with no content validation before OS-level registration,medium,hardening (add missing check),discovered - pending Batch B triage
136,trainer-overlay-toggle,electron/trainer-hotkeys.ts,72,none,no,yes,no,yes (1 call site),low,read-only,info,"yes - evidence reviewed, no active exploit path found",not independently verified in Batch A (see tests/ directory for e2e coverage of consent-gated flows; full per-handler unit test audit is out of scope for discovery),Gated by isTrainerCapabilityEnabled('v2OverlayEnabled') feature flag before toggling the trainer overlay window; not a user/session auth check.,none identified,none,none required,discovered - pending Batch B triage
137,trainer-overlay-hide,electron/trainer-hotkeys.ts,80,none,no,no,no,yes (1 call site),low,read-only,low,partial - see known issues,not independently verified in Batch A (see tests/ directory for e2e coverage of consent-gated flows; full per-handler unit test audit is out of scope for discovery),"Unlike trainer-overlay-toggle, this hide handler does not check the v2OverlayEnabled capability flag before acting — inconsistent gating.",Inconsistent feature-flag gating vs sibling handler (hide vs toggle),low,hardening (add missing check),discovered - pending Batch B triage
138,trainer-research-pick-exe,electron/trainer-research-ipc.ts,20,none,yes - checks event.sender.isDestroyed(),no,no,yes (1 call site),low,os-dialog,info,"yes - evidence reviewed, no active exploit path found",not independently verified in Batch A (see tests/ directory for e2e coverage of consent-gated flows; full per-handler unit test audit is out of scope for discovery),"Opens native .exe file picker labeled 'analysis only — never run from Solith'; returns raw resolved path with no further validation, no execution performed here.",none identified,none,none required,discovered - pending Batch B triage
139,trainer-research-analyze-exe,electron/trainer-research-ipc.ts,41,schema,yes - checks event.sender.isDestroyed(),no,no,yes (1 call site),low,read-only,info,"yes - evidence reviewed, no active exploit path found",not independently verified in Batch A (see tests/ directory for e2e coverage of consent-gated flows; full per-handler unit test audit is out of scope for discovery),"TrainerResearchAnalyzeExeSchema.parse validates filePath; performs static PE analysis of an arbitrary user-selected executable (read-only parsing, no spawn).",none identified,none,none required,discovered - pending Batch B triage
140,trainer-research-pick-dumpspace-folder,electron/trainer-research-ipc.ts,55,manual,yes - checks event.sender.isDestroyed(),no,no,yes (1 call site),low,read-only,info,"yes - evidence reviewed, no active exploit path found",not independently verified in Batch A (see tests/ directory for e2e coverage of consent-gated flows; full per-handler unit test audit is out of scope for discovery),Opens directory picker then manually verifies presence of expected Dumpspace JSON files before accepting the folder.,none identified,none,none required,discovered - pending Batch B triage
141,trainer-research-import-dumpspace,electron/trainer-research-ipc.ts,86,schema,yes - checks event.sender.isDestroyed(),no,no,yes (1 call site),low,read-only,info,"yes - evidence reviewed, no active exploit path found",not independently verified in Batch A (see tests/ directory for e2e coverage of consent-gated flows; full per-handler unit test audit is out of scope for discovery),Schema-validated payload plus manual fs.existsSync/isDirectory check; reads user-supplied directory path and imports a new definition from its JSON contents.,none identified,none,none required,discovered - pending Batch B triage
142,trainer-research-pick-ct,electron/trainer-research-ipc.ts,111,none,yes - checks event.sender.isDestroyed(),no,no,yes (1 call site),low,read-only,low,partial - see known issues,not independently verified in Batch A (see tests/ directory for e2e coverage of consent-gated flows; full per-handler unit test audit is out of scope for discovery),"Picks a .ct/.xml file and reads it synchronously with fs.readFileSync with NO size cap or extension re-check (unlike trainer-catalog-pick-ct's 8MB limit/regex check) - inconsistent hardening, potential large-file/DoS read.",Inconsistent file-size/extension hardening vs sibling handler,low,hardening (add missing check),discovered - pending Batch B triage
143,trainer-research-analyze-ct-scripts,electron/trainer-research-ipc.ts,134,schema,yes - checks event.sender.isDestroyed(),no,no,yes (1 call site),low,read-only,info,"yes - evidence reviewed, no active exploit path found",not independently verified in Batch A (see tests/ directory for e2e coverage of consent-gated flows; full per-handler unit test audit is out of scope for discovery),"Schema-validated payload; parses/analyzes embedded Cheat Engine Lua/AutoAssembler scripts from untrusted XML for research purposes (script content is analyzed, not executed).",none identified,none,none required,discovered - pending Batch B triage
144,trainer-research-merge-ue-scripts,electron/trainer-research-ipc.ts,151,manual,yes - checks event.sender.isDestroyed(),no,no,yes (1 call site),low,read-only,info,"yes - evidence reviewed, no active exploit path found",not independently verified in Batch A (see tests/ directory for e2e coverage of consent-gated flows; full per-handler unit test audit is out of scope for discovery),"Only a manual truthy check on dumpspaceDir/xmlText via an unchecked type cast - no zod schema despite sibling handlers (analyze-ct-scripts, import-dumpspace) using one for near-identical inputs; reads arbitrary JSON files from a user-resolved directory path with no length/type bounds on xmlText/title/executable.",none identified,none,none required,discovered - pending Batch B triage
145,wisp-overlay-toggle,electron/wisp-overlay.ts,219,none,no,no,no,yes (1 call site),low,read-only,info,"yes - evidence reviewed, no active exploit path found",not independently verified in Batch A (see tests/ directory for e2e coverage of consent-gated flows; full per-handler unit test audit is out of scope for discovery),No payload; shows/hides the always-on-top transparent overlay BrowserWindow.,none identified,none,none required,discovered - pending Batch B triage
146,wisp-overlay-hide,electron/wisp-overlay.ts,224,none,no,no,no,yes (1 call site),low,read-only,info,"yes - evidence reviewed, no active exploit path found",not independently verified in Batch A (see tests/ directory for e2e coverage of consent-gated flows; full per-handler unit test audit is out of scope for discovery),No payload; hides the overlay window.,none identified,none,none required,discovered - pending Batch B triage
147,wisp-overlay-set-expanded,electron/wisp-overlay.ts,229,none,no,no,no,yes (1 call site),low,read-only,info,"yes - evidence reviewed, no active exploit path found",not independently verified in Batch A (see tests/ directory for e2e coverage of consent-gated flows; full per-handler unit test audit is out of scope for discovery),Payload only coerced via Boolean(payload?.expanded) — any value type is accepted; resizes/repositions the overlay window bounds.,none identified,none,none required,discovered - pending Batch B triage
148,wisp-overlay-move-by,electron/wisp-overlay.ts,234,manual,no,no,no,yes (1 call site),low,read-only,info,"yes - evidence reviewed, no active exploit path found",not independently verified in Batch A (see tests/ directory for e2e coverage of consent-gated flows; full per-handler unit test audit is out of scope for discovery),"Manually coerces deltaX/deltaY with Number() and rejects non-finite values, then clamps the resulting overlay window position on-screen.",none identified,none,none required,discovered - pending Batch B triage
149,wisp-overlay-set-interactive,electron/wisp-overlay.ts,264,none,no,no,no,yes (2 call sites),medium,write-local-state,medium,"yes - evidence reviewed, no active exploit path found",not independently verified in Batch A (see tests/ directory for e2e coverage of consent-gated flows; full per-handler unit test audit is out of scope for discovery),Payload only coerced via Boolean(payload?.interactive); toggles click-through/mouse-forwarding on the overlay window.,none identified,medium,none required,discovered - pending Batch B triage
