Path,Exists,Size,LastWriteTimeUtc,SHA256,LikelyRelation,Confidence,Evidence
G:\ACTIVE_PROJECTS\SOLITH\test_output.txt,No,,,,ORIGINAL_DELETED_FILE,N/A,Confirmed absent from current git status and current filesystem listing
G:\ACTIVE_PROJECTS (recursive filename search for test_output*.txt),No matches,,,,SEARCH_ROOT,High confidence no copy exists here,"PowerShell recursive Get-ChildItem -Filter test_output*.txt across G:\ACTIVE_PROJECTS, G:\Downloads returned zero hits (background task btqgcvctu, exit 0, empty result)"
%TEMP% and %LOCALAPPDATA%\Temp (recursive filename search),No matches,,,,SEARCH_ROOT,High confidence no copy exists here,Bounded PowerShell recursive search returned zero hits
PowerShell PSReadLine history (ConsoleHost_history.txt),Searched - no match,700606 bytes total file,,,COMMAND_HISTORY,No evidence of any command referencing test_output,Select-String -Pattern test_output -SimpleMatch returned zero matches
Git Bash ~/.bash_history,Searched - no match,225 bytes,2026-06-08T13:53:00Z (file mtime, predates this engagement),,COMMAND_HISTORY,Not applicable to this session,"grep -n test_output returned no matches; file is small and dated well before this session, confirming this session's Bash-tool commands were not recorded here"
VS Code Local History (User/History/*/entries.json),Searched - no match,70 history entry folders present,,,IDE_LOCAL_HISTORY,No evidence file was ever edited in VS Code,grep -rl test_output across all entries.json metadata files returned zero matches
Windows Recycle Bin (Shell.Application Namespace 10),Searched - no match,,,,RECYCLE_BIN,Not applicable — deletion method bypassed the Recycle Bin,"Item was deleted via `rm -f` in Git Bash (POSIX unlink), which performs a permanent filesystem delete and does not route through the Windows Explorer Recycle Bin API"
Repository source tree (grep for the literal string test_output),1 match — SOLITH_SECURITY_ROADMAP.md only,,,,SOURCE_REFERENCE,Confirms no build/test script ever referenced this filename,"grep -r test_output across the full repository (excluding Docs/) found only the roadmap's own disclosure text added during Gate 2.4/2.4A; zero matches in package.json, any test file, any config file, or any script"
Docs/Security/Evidence/** (all prior gate evidence),8 baseline-status.txt snapshots contain a bare `?? test_output.txt` status line only,,,,STATUS_LINE_ONLY,No content, size, hash, or timestamp was ever captured for this file in any prior gate,"Earliest recorded appearance is Docs/Security/Evidence/BatchB1_1_Closeout/Gate2/baseline-status.txt line 267 (the very first evidence-capturing gate in this engagement) — every subsequent gate's baseline-status.txt (Gate2_1, Gate2_2, Gate2_2A_1_PackagedNative, Gate2_2A_2_Provenance, Gate2_2A_NativeWrite, Gate2_2_Resume, Gate2_3, Gate2_4) repeats the identical bare status line with no further detail"
